"Jurisdiction","Year","Marriage diff.-sex","Marriage same-sex","Registered partnership diff.-sex","Registered partnership same-sex","Cohabitation diff.-sex","Cohabitation same-sex","Adoption for married diff. Adoption for married sex couples","Adoption for married same-sex couple","Adoption for registered partnership diff.-sex couples","Adoption for registered partenership same-sex","Adoption for diff.-sex couple that cohabiate","Adoption for same.-sex couple that cohabiate"
"Austria (a)",2016,"Yes","No","No","Yes","Yes","Yes","Yes","N/A","N/A","Yes","Yes","Yes"
"Austria (a)",2015,"Yes","No","No","Yes","Yes","Yes","Yes","N/A","N/A","No","No","No"
"Austria (a)",2015,"Yes","Yes","Yes","Yes","Yes","Yes","Yes","N/A","N/A","No","No","No"
"Austria (a)",2014,"Yes","No","No","Yes","Yes","Yes","Yes","N/A","N/A","No","No","No"
"Austria (a)",2014,"Yes","Yes","Yes","Yes","Yes","Yes","Yes","N/A","N/A","No","No","No"
"Austria (a)",2013,"Yes","No","No","Yes","Yes","Yes","Yes","N/A","N/A","No","No","No"
"Austria (a)",2013,"Yes","Yes","Yes","Yes","Yes","Yes","Yes","N/A","N/A","No","No","No"
"Austria (a)",2012,"Yes","No","No","Yes","Yes","Yes","Yes","N/A","N/A","No","No","No"
"Austria (a)",2012,"Yes","Yes","Yes","Yes","Yes","Yes","Yes","N/A","N/A","No","No","No"
"Austria (a)",2011,"Yes","No","No","Yes","Yes","Yes","Yes","N/A","N/A","No","No","No"
"Austria (a)",2011,"Yes","Yes","Yes","Yes","Yes","Yes","Yes","N/A","N/A","No","No","No"
"Austria (a)",2010,"Yes","No","No","Yes","Yes","Yes","Yes","N/A","N/A","No","No","No"
"Austria (a)",2010,"Yes","Yes","Yes","Yes","Yes","Yes","Yes","N/A","N/A","No","No","No"
"Austria (a)",2009,"Yes","No","No","No","Yes","Yes","Yes","N/A","N/A","N/A","No","No"
"Austria (a)",2009,"Yes","Yes","Yes","Yes","Yes","Yes","Yes","N/A","N/A","N/A","No","No"
"Austria (a)",2008,"Yes","No","No","No","Yes","Yes","Yes","N/A","N/A","N/A","No","No"
"Austria (a)",2008,"Yes","Yes","Yes","Yes","Yes","Yes","Yes","N/A","N/A","N/A","No","No"
"Austria (a)",2007,"Yes","No","No","No","Yes","Yes","Yes","N/A","N/A","N/A","No","No"
"Austria (a)",2007,"Yes","Yes","Yes","Yes","Yes","Yes","Yes","N/A","N/A","N/A","No","No"
"Austria (a)",2006,"Yes","No","No","No","Yes","Yes","Yes","N/A","N/A","N/A","No","No"
"Austria (a)",2006,"Yes","Yes","Yes","Yes","Yes","Yes","Yes","N/A","N/A","N/A","No","No"
"Austria (a)",2005,"Yes","No","No","No","Yes","Yes","Yes","N/A","N/A","N/A","No","No"
"Austria (a)",2005,"Yes","Yes","Yes","Yes","Yes","Yes","Yes","N/A","N/A","N/A","No","No"
"Austria (a)",2004,"Yes","No","No","No","Yes","Yes","Yes","N/A","N/A","N/A","No","No"
"Austria (a)",2004,"Yes","Yes","Yes","Yes","Yes","Yes","Yes","N/A","N/A","N/A","No","No"
"Austria (a)",2003,"Yes","No","No","No","Yes","Yes","Yes","N/A","N/A","N/A","No","No"
"Austria (a)",2003,"Yes","Yes","Yes","Yes","Yes","Yes","Yes","N/A","N/A","N/A","No","No"
"Austria (a)",2002,"Yes","No","No","No","Yes","Yes but","Yes","N/A","N/A","N/A","No","No"
"Austria (a)",2002,"Yes","No","Yes","Yes","Yes","Yes","Yes","N/A","N/A","N/A","No","No"
"Austria (a)",2001,"Yes","No","No","No","Yes","Yes but","Yes","N/A","N/A","N/A","No","No"
"Austria (a)",2001,"Yes","No","Yes","Yes","Yes","Yes","Yes","N/A","N/A","N/A","No","No"
"Austria (a)",2000,"Yes","No","No","No","Yes","Yes but","Yes","N/A","N/A","N/A","No","No"
"Austria (a)",2000,"Yes","No","Yes","Yes","Yes","Yes","Yes","N/A","N/A","N/A","No","No"
"Austria (a)",1999,"Yes","No","No","No","Yes","Yes but","Yes","N/A","N/A","N/A","No","No"
"Austria (a)",1999,"Yes","No","No","No","Yes","Yes","Yes","N/A","N/A","N/A","No","No"
"Austria (a)",1998,"Yes","No","No","No","Yes","Yes but","Yes","N/A","N/A","N/A","No","No"
"Austria (a)",1998,"Yes","No","No","No","Yes","Yes","Yes","N/A","N/A","N/A","No","No"
"Austria (a)",1997,"Yes","No","No","No","Yes","Yes but","Yes","N/A","N/A","N/A","No","No"
"Austria (a)",1997,"Yes","No","No","No","Yes","Yes","Yes","N/A","N/A","N/A","No","No"
"Austria (a)",1996,"Yes","No","No","No","Yes","No","Yes","N/A","N/A","N/A","No","No"
"Austria (a)",1996,"Yes","No","No","No","Yes","Yes","Yes","N/A","N/A","N/A","No","No"
"Austria (a)",1995,"Yes","No","No","No","Yes","No","Yes","N/A","N/A","N/A","No","No"
"Austria (a)",1995,"Yes","No","No","No","No but","No but","Yes","N/A","N/A","N/A","No","No"
"Austria (a)",1994,"Yes","No","No","No","Yes","No","Yes","N/A","N/A","N/A","No","No"
"Austria (a)",1994,"Yes","No","No","No","No but","No but","Yes","N/A","N/A","N/A","No","No"
"Austria (a)",1993,"Yes","No","No","No","Yes","No","Yes","N/A","N/A","N/A","No","No"
"Austria (a)",1993,"Yes","No","No","No","No but","No but","Yes","N/A","N/A","N/A","No","No"
"Austria (a)",1992,"Yes","No","No","No","Yes","No","Yes","N/A","N/A","N/A","No","No"
"Austria (a)",1992,"Yes","No","No","No","No but","No but","Yes","N/A","N/A","N/A","No","No"
"Austria (a)",1991,"Yes","No","No","No","Yes","No","Yes","N/A","N/A","N/A","No","No"
"Austria (a)",1991,"Yes","No","No","No","No but","No but","Yes","N/A","N/A","N/A","No","No"
"Austria (a)",1990,"Yes","No","No","No","Yes","No","Yes","N/A","N/A","N/A","No","No"
"Austria (a)",1990,"Yes","No","No","No","No but","No but","Yes","N/A","N/A","N/A","No","No"
"Austria (a)",1989,"Yes","No","No","No","Yes","No","Yes","N/A","N/A","N/A","No","No"
"Austria (a)",1989,"Yes","No","No","No","No but","?","Yes","N/A","N/A","N/A","No","No"
"Bulgaria (c)",2015,"Yes","No","No","No","Yes","No but","Yes","N/A","N/A","N/A","No","No"
"Bulgaria (c)",2014,"Yes","No","No","No","Yes","No but","Yes","N/A","N/A","N/A","No","No"
"Bulgaria (c)",2013,"Yes","No","No","No","Yes","No but","Yes","N/A","N/A","N/A","No","No"
"Bulgaria (c)",2012,"Yes","No","No","No","Yes","No but","Yes","N/A","N/A","N/A","No","No"
"Bulgaria (c)",2011,"Yes","No","No","No","Yes","No but","Yes","N/A","N/A","N/A","No","No"
"Bulgaria (c)",2010,"Yes","No","No","No","Yes","No but","Yes","N/A","N/A","N/A","No","No"
"Bulgaria (c)",2009,"Yes","No","No","No","Yes","No but","Yes","N/A","N/A","N/A","No","No"
"Bulgaria (c)",2008,"Yes","No","No","No","Yes","No but","Yes","N/A","N/A","N/A","No","No"
"Bulgaria (c)",2007,"Yes","No","No","No","Yes","No but","Yes","N/A","N/A","N/A","No","No"
"Bulgaria (c)",2006,"Yes","No","No","No","Yes","No but","Yes","N/A","N/A","N/A","No","No"
"Bulgaria (c)",2005,"Yes","No","No","No","Yes","?","Yes","N/A","N/A","N/A","No","No"
"Bulgaria (c)",2004,"Yes","No","No","No","?","?","Yes","N/A","N/A","N/A","No","No"
"Bulgaria (c)",2003,"Yes","No","No","No","?","?","Yes","N/A","N/A","N/A","No","No"
"Bulgaria (c)",2002,"Yes","No","No","No","?","?","Yes","N/A","N/A","N/A","No","No"
"Bulgaria (c)",2001,"Yes","No","No","No","?","?","Yes","N/A","N/A","N/A","No","No"
"Bulgaria (c)",2000,"Yes","No","No","No","?","?","Yes","N/A","N/A","N/A","No","No"
"Bulgaria (c)",1999,"Yes","No","No","No","?","?","Yes","N/A","N/A","N/A","No","No"
"Bulgaria (c)",1998,"Yes","No","No","No","?","?","Yes","N/A","N/A","N/A","No","No"
"Bulgaria (c)",1997,"Yes","No","No","No","?","?","Yes","N/A","N/A","N/A","No","No"
"Bulgaria (c)",1996,"Yes","No","No","No","?","?","Yes","N/A","N/A","N/A","No","No"
"Bulgaria (c)",1995,"Yes","No","No","No","?","?","Yes","N/A","N/A","N/A","No","No"
"Bulgaria (c)",1994,"Yes","No","No","No","?","?","Yes","N/A","N/A","N/A","No","No"
"Bulgaria (c)",1993,"Yes","No","No","No","?","?","Yes","N/A","N/A","N/A","No","No"
"Bulgaria (c)",1992,"Yes","No","No","No","?","?","Yes","N/A","N/A","N/A","No","No"
"Bulgaria (c)",1991,"Yes","No","No","No","?","?","Yes","N/A","N/A","N/A","No","No"
"Bulgaria (c)",1990,"Yes","No","No","No","?","?","Yes","N/A","N/A","N/A","No","No"
"Bulgaria (c)",1989,"Yes","No","No","No","?","?","Yes","N/A","N/A","N/A","No","No"
"Czech Republic (d)",2015,"Yes","No","No","Yes","Yes","Yes","Yes","N/A","N/A","No","No","No"
"Czech Republic (d)",2014,"Yes","No","No","Yes","Yes","Yes","Yes","N/A","N/A","No","No","No"
"Czech Republic (d)",2013,"Yes","No","No","Yes","Yes","Yes","Yes","N/A","N/A","No","No","No"
"Czech Republic (d)",2012,"Yes","No","No","Yes","Yes","Yes","Yes","N/A","N/A","No","No","No"
"Czech Republic (d)",2011,"Yes","No","No","Yes","Yes","Yes","Yes","N/A","N/A","No","No","No"
"Czech Republic (d)",2010,"Yes","No","No","Yes","Yes","Yes","Yes","N/A","N/A","No","No","No"
"Czech Republic (d)",2009,"Yes","No","No","Yes","Yes","Yes","Yes","N/A","N/A","No","No","No"
"Czech Republic (d)",2008,"Yes","No","No","Yes","Yes","Yes","Yes","N/A","N/A","No","No","No"
"Czech Republic (d)",2007,"Yes","No","No","Yes","Yes","Yes","Yes","N/A","N/A","No","No","No"
"Czech Republic (d)",2006,"Yes","No","No","Yes","Yes","Yes","Yes","N/A","N/A","No","No","No"
"Czech Republic (d)",2005,"Yes","No","No","No","Yes","Yes","Yes","N/A","N/A","N/A","No","No"
"Czech Republic (d)",2004,"Yes","No","No","No","Yes","Yes","Yes","N/A","N/A","N/A","No","No"
"Czech Republic (d)",2003,"Yes","No","No","No","Yes","Yes","Yes","N/A","N/A","N/A","No","No"
"Czech Republic (d)",2002,"Yes","No","No","No","Yes","Yes","Yes","N/A","N/A","N/A","No","No"
"Czech Republic (d)",2001,"Yes","No","No","No","Yes","Yes","Yes","N/A","N/A","N/A","No","No"
"Czech Republic (d)",2000,"Yes","No","No","No","Yes","Yes","Yes","N/A","N/A","N/A","No","No"
"Czech Republic (d)",1999,"Yes","No","No","No","Yes","Yes","Yes","N/A","N/A","N/A","No","No"
"Czech Republic (d)",1998,"Yes","No","No","No","Yes","Yes","Yes","N/A","N/A","N/A","No","No"
"Czech Republic (d)",1997,"Yes","No","No","No","Yes","Yes","Yes","N/A","N/A","N/A","No","No"
"Czech Republic (d)",1996,"Yes","No","No","No","Yes","Yes","Yes","N/A","N/A","N/A","No","No"
"Czech Republic (d)",1995,"Yes","No","No","No","Yes","Yes","Yes","N/A","N/A","N/A","No","No"
"Czech Republic (d)",1994,"Yes","No","No","No","Yes","Yes","Yes","N/A","N/A","N/A","No","No"
"Czech Republic (d)",1993,"Yes","No","No","No","Yes","Yes","Yes","N/A","N/A","N/A","No","No"
"Czech Republic (d)",1992,"Yes","No","No","No","Yes","Yes","Yes","N/A","N/A","N/A","No","No"
"Czech Republic (d)",1991,"Yes","No","No","No","Yes","Yes","Yes","N/A","N/A","N/A","No","No"
"Czech Republic (d)",1990,"Yes","No","No","No","Yes","Yes","Yes","N/A","N/A","N/A","No","No"
"Czech Republic (d)",1989,"Yes","No","No","No","Yes","Yes","Yes","N/A","N/A","N/A","No","No"
"Finland (e)",2015,"Yes","No","No","Yes","Yes but","Yes but","Yes","N/A","N/A","No","No","No"
"Finland (e)",2014,"Yes","No","No","Yes","Yes but","Yes but","Yes","N/A","N/A","No","No","No"
"Finland (e)",2013,"Yes","No","No","Yes","Yes but","Yes but","Yes","N/A","N/A","No","No","No"
"Finland (e)",2012,"Yes","No","No","Yes","Yes but","Yes but","Yes","N/A","N/A","No","No","No"
"Finland (e)",2011,"Yes","No","No","Yes","Yes but","Yes but","Yes","N/A","N/A","No","No","No"
"Finland (e)",2010,"Yes","No","No","Yes","No but","No but","Yes","N/A","N/A","No","No","No"
"Finland (e)",2009,"Yes","No","No","Yes","No but","No but","Yes","N/A","N/A","No","No","No"
"Finland (e)",2008,"Yes","No","No","Yes","No but","No but","Yes","N/A","N/A","No","No","No"
"Finland (e)",2007,"Yes","No","No","Yes","No but","No but","Yes","N/A","N/A","No","No","No"
"Finland (e)",2006,"Yes","No","No","Yes","No but","No but","Yes","N/A","N/A","No","No","No"
"Finland (e)",2005,"Yes","No","No","Yes","No but","No but","Yes","N/A","N/A","No","No","No"
"Finland (e)",2004,"Yes","No","No","Yes","No but","No but","Yes","N/A","N/A","No","No","No"
"Finland (e)",2003,"Yes","No","No","Yes","No but","No but","Yes","N/A","N/A","No","No","No"
"Finland (e)",2002,"Yes","No","No","Yes","No but","No but","Yes","N/A","N/A","No","No","No"
"Finland (e)",2001,"Yes","No","No","No","No but","No but","Yes","N/A","N/A","N/A","No","No"
"Finland (e)",2000,"Yes","No","No","No","No but","No but","Yes","N/A","N/A","N/A","No","No"
"Finland (e)",1999,"Yes","No","No","No","No but","No but","Yes","N/A","N/A","N/A","No","No"
"Finland (e)",1998,"Yes","No","No","No","No but","No but","Yes","N/A","N/A","N/A","No","No"
"Finland (e)",1997,"Yes","No","No","No","No but","No but","Yes","N/A","N/A","N/A","No","No"
"Finland (e)",1996,"Yes","No","No","No","No but","No but","Yes","N/A","N/A","N/A","No","No"
"Finland (e)",1995,"Yes","No","No","No","No but","No but","Yes","N/A","N/A","N/A","No","No"
"Finland (e)",1994,"Yes","No","No","No","No but","No but","Yes","N/A","N/A","N/A","No","No"
"Finland (e)",1993,"Yes","No","No","No","No but","No but","Yes","N/A","N/A","N/A","No","No"
"Finland (e)",1992,"Yes","No","No","No","No but","No but","Yes","N/A","N/A","N/A","No","No"
"Finland (e)",1991,"Yes","No","No","No","No but","No but","Yes","N/A","N/A","N/A","No","No"
"Finland (e)",1990,"Yes","No","No","No","No but","No but","Yes","N/A","N/A","N/A","No","No"
"Finland (e)",1989,"Yes","No","No","No","No but","No but","Yes","N/A","N/A","N/A","No","No"
"France (f)",2015,"Yes","Yes","Yes","Yes","Yes","Yes","Yes but","Yes but","No","No","No","No"
"France (f)",2014,"Yes","Yes","Yes","Yes","Yes","Yes","Yes but","Yes but","No","No","No","No"
"France (f)",2013,"Yes","Yes","Yes","Yes","Yes","Yes","Yes but","Yes but","No","No","No","No"
"France (f)",2012,"Yes","No","Yes","Yes","Yes","Yes","Yes but","N/A","No","No","No","No"
"France (f)",2011,"Yes","No","Yes","Yes","Yes","Yes","Yes but","N/A","No","No","No","No"
"France (f)",2010,"Yes","No","Yes","Yes","Yes","Yes","Yes but","N/A","No","No","No","No"
"France (f)",2009,"Yes","No","Yes","Yes","Yes","Yes","Yes but","N/A","No","No","No","No"
"France (f)",2008,"Yes","No","Yes","Yes","Yes","Yes","Yes but","N/A","No","No","No","No"
"France (f)",2007,"Yes","No","Yes","Yes","Yes","Yes","Yes but","N/A","No","No","No","No"
"France (f)",2006,"Yes","No","Yes","Yes","Yes","Yes","Yes but","N/A","No","No","No","No"
"France (f)",2005,"Yes","No","Yes","Yes","Yes","Yes","Yes but","N/A","No","No","No","No"
"France (f)",2004,"Yes","No","Yes","Yes","Yes","Yes","Yes but","N/A","No","No","No","No"
"France (f)",2003,"Yes","No","Yes","Yes","Yes","Yes","Yes but","N/A","No","No","No","No"
"France (f)",2002,"Yes","No","Yes","Yes","Yes","Yes","Yes but","N/A","No","No","No","No"
"France (f)",2001,"Yes","No","Yes","Yes","Yes","Yes","Yes but","N/A","No","No","No","No"
"France (f)",2000,"Yes","No","Yes","Yes","Yes","Yes","Yes but","N/A","No","No","No","No"
"France (f)",1999,"Yes","No","Yes","Yes","Yes","Yes","Yes but","N/A","No","No","No","No"
"France (f)",1998,"Yes","No","No","No","Yes but","No","Yes but","N/A","N/A","N/A","No","No"
"France (f)",1997,"Yes","No","No","No","Yes but","No","Yes but","N/A","N/A","N/A","No","No"
"France (f)",1996,"Yes","No","No","No","Yes but","No","Yes but","N/A","N/A","N/A","No","No"
"France (f)",1995,"Yes","No","No","No","Yes but","No","Yes but","N/A","N/A","N/A","No","No"
"France (f)",1994,"Yes","No","No","No","Yes but","No","Yes but","N/A","N/A","N/A","No","No"
"France (f)",1993,"Yes","No","No","No","Yes but","No","Yes but","N/A","N/A","N/A","No","No"
"France (f)",1992,"Yes","No","No","No","Yes but","No","Yes but","N/A","N/A","N/A","No","No"
"France (f)",1991,"Yes","No","No","No","Yes but","No","Yes but","N/A","N/A","N/A","No","No"
"France (f)",1990,"Yes","No","No","No","Yes but","No","Yes but","N/A","N/A","N/A","No","No"
"France (f)",1989,"Yes","No","No","No","Yes but","No","Yes but","N/A","N/A","N/A","No","No"
"Germany (g)",2015,"Yes","No","No","Yes","Yes","Yes","Yes","N/A","N/A","No but","No","No"
"Germany (g)",2014,"Yes","No","No","Yes","Yes","Yes","Yes","N/A","N/A","No but","No","No"
"Germany (g)",2013,"Yes","No","No","Yes","Yes","Yes","Yes","N/A","N/A","No but","No","No"
"Germany (g)",2012,"Yes","No","No","Yes","Yes","Yes","Yes","N/A","N/A","No","No","No"
"Germany (g)",2011,"Yes","No","No","Yes","Yes","Yes","Yes","N/A","N/A","No","No","No"
"Germany (g)",2010,"Yes","No","No","Yes","Yes","Yes","Yes","N/A","N/A","No","No","No"
"Germany (g)",2009,"Yes","No","No","Yes","Yes","Yes","Yes","N/A","N/A","No","No","No"
"Germany (g)",2008,"Yes","No","No","Yes","Yes","Yes","Yes","N/A","N/A","No","No","No"
"Germany (g)",2007,"Yes","No","No","Yes","Yes","Yes","Yes","N/A","N/A","No","No","No"
"Germany (g)",2006,"Yes","No","No","Yes","Yes","Yes","Yes","N/A","N/A","No","No","No"
"Germany (g)",2005,"Yes","No","No","Yes","Yes","Yes","Yes","N/A","N/A","No","No","No"
"Germany (g)",2004,"Yes","No","No","Yes","Yes","Yes","Yes","N/A","N/A","No","No","No"
"Germany (g)",2003,"Yes","No","No","Yes","Yes","Yes","Yes","N/A","N/A","No","No","No"
"Germany (g)",2002,"Yes","No","No","Yes","Yes","Yes","Yes","N/A","N/A","No","No","No"
"Germany (g)",2001,"Yes","No","No","Yes","Yes","Yes","Yes","N/A","N/A","No","No","No"
"Germany (g)",2000,"Yes","No","No","No","Yes","Yes","Yes","N/A","N/A","N/A","No","No"
"Germany (g)",1999,"Yes","No","No","No","Yes","Yes","Yes","N/A","N/A","N/A","No","No"
"Germany (g)",1998,"Yes","No","No","No","Yes","Yes","Yes","N/A","N/A","N/A","No","No"
"Germany (g)",1997,"Yes","No","No","No","Yes","Yes","Yes","N/A","N/A","N/A","No","No"
"Germany (g)",1996,"Yes","No","No","No","Yes","Yes","Yes","N/A","N/A","N/A","No","No"
"Germany (g)",1995,"Yes","No","No","No","Yes","Yes","Yes","N/A","N/A","N/A","No","No"
"Germany (g)",1994,"Yes","No","No","No","Yes","Yes","Yes","N/A","N/A","N/A","No","No"
"Germany (g)",1993,"Yes","No","No","No","Yes","Yes","Yes","N/A","N/A","N/A","No","No"
"Germany (g)",1992,"Yes","No","No","No","Yes","Yes","Yes","N/A","N/A","N/A","No","No"
"Germany (g)",1991,"Yes","No","No","No","Yes","Yes","Yes","N/A","N/A","N/A","No","No"
"Germany (g)",1990,"Yes","No","No","No","Yes","Yes","Yes","N/A","N/A","N/A","No","No"
"Germany (g)",1989,"Yes","No","No","No","Yes","Yes","Yes","N/A","N/A","N/A","No","No"
"Greece (h)",2016,"Yes","No","Yes","Yes","No but","No but","Yes","No","No","No","No","No"
"Greece (h)",2015,"Yes","No","Yes","Yes","No but","No but","Yes","No","No","No","No","No"
"Greece (h)",2014,"Yes","No","Yes","No but","No but","No but","Yes","N/A","No","N/A","No","No"
"Greece (h)",2013,"Yes","No","Yes","No but","No but","No but","Yes","N/A","No","N/A","No","No"
"Greece (h)",2012,"Yes","No","Yes","No","No but","No but","Yes","N/A","No","N/A","No","No"
"Greece (h)",2011,"Yes","No","Yes","No","No but","No but","Yes","N/A","No","N/A","No","No"
"Greece (h)",2010,"Yes","No","Yes","No","No but","No","Yes","N/A","No","N/A","No","No"
"Greece (h)",2009,"Yes","No","Yes","No","No but","No","Yes","N/A","No","N/A","No","No"
"Greece (h)",2008,"Yes","No","Yes","No","No but","No","Yes","N/A","No","N/A","No","No"
"Greece (h)",2007,"Yes","No","No","No","No but","No","Yes","N/A","N/A","N/A","No","No"
"Greece (h)",2006,"Yes","No","No","No","No but","No","Yes","N/A","N/A","N/A","No","No"
"Greece (h)",2005,"Yes","No","No","No","No but","No","Yes","N/A","N/A","N/A","No","No"
"Greece (h)",2004,"Yes","No","No","No","No but","No","Yes","N/A","N/A","N/A","No","No"
"Greece (h)",2003,"Yes","No","No","No","No but","No","Yes","N/A","N/A","N/A","No","No"
"Greece (h)",2002,"Yes","No","No","No","No but","No","Yes","N/A","N/A","N/A","No","No"
"Greece (h)",2001,"Yes","No","No","No","No","No","Yes","N/A","N/A","N/A","No","No"
"Greece (h)",2000,"Yes","No","No","No","No","No","Yes","N/A","N/A","N/A","No","No"
"Greece (h)",1999,"Yes","No","No","No","No","No","Yes","N/A","N/A","N/A","No","No"
"Greece (h)",1998,"Yes","No","No","No","No","No","Yes","N/A","N/A","N/A","No","No"
"Greece (h)",1997,"Yes","No","No","No","No","No","Yes","N/A","N/A","N/A","No","No"
"Greece (h)",1996,"Yes","No","No","No","No","No","Yes","N/A","N/A","N/A","No","No"
"Greece (h)",1995,"Yes","No","No","No","No","No","Yes","N/A","N/A","N/A","No","No"
"Greece (h)",1994,"Yes","No","No","No","No","No","Yes","N/A","N/A","N/A","No","No"
"Greece (h)",1993,"Yes","No","No","No","No","No","Yes","N/A","N/A","N/A","No","No"
"Greece (h)",1992,"Yes","No","No","No","No","No","Yes","N/A","N/A","N/A","No","No"
"Greece (h)",1991,"Yes","No","No","No","No","No","Yes","N/A","N/A","N/A","No","No"
"Greece (h)",1990,"Yes","No","No","No","No","No","Yes","N/A","N/A","N/A","No","No"
"Greece (h)",1989,"Yes","No","No","No","No","No","Yes","N/A","N/A","N/A","No","No"
"Hungary (i)",2015,"Yes","No","No","Yes","Yes","Yes","Yes","N/A","N/A","No","No","No"
"Hungary (i)",2014,"Yes","No","No","Yes","Yes","Yes","Yes","N/A","N/A","No","No","No"
"Hungary (i)",2013,"Yes","No","No","Yes","Yes","Yes","Yes","N/A","N/A","No","No","No"
"Hungary (i)",2012,"Yes","No","No","Yes","Yes","Yes","Yes","N/A","N/A","No","No","No"
"Hungary (i)",2011,"Yes","No","No","Yes","Yes","Yes","Yes","N/A","N/A","No","No","No"
"Hungary (i)",2010,"Yes","No","No","Yes","Yes","Yes","Yes","N/A","N/A","No","No","No"
"Hungary (i)",2009,"Yes","No","No","Yes","Yes","Yes","Yes","N/A","N/A","No","No","No"
"Hungary (i)",2008,"Yes","No","No","No","Yes","Yes","Yes","N/A","N/A","N/A","No","No"
"Hungary (i)",2007,"Yes","No","No","No","Yes","Yes","Yes","N/A","N/A","N/A","No","No"
"Hungary (i)",2006,"Yes","No","No","No","Yes","Yes","Yes","N/A","N/A","N/A","No","No"
"Hungary (i)",2005,"Yes","No","No","No","Yes","Yes","Yes","N/A","N/A","N/A","No","No"
"Hungary (i)",2004,"Yes","No","No","No","Yes","Yes","Yes","N/A","N/A","N/A","No","No"
"Hungary (i)",2003,"Yes","No","No","No","Yes","Yes","Yes","N/A","N/A","N/A","No","No"
"Hungary (i)",2002,"Yes","No","No","No","Yes","Yes","Yes","N/A","N/A","N/A","No","No"
"Hungary (i)",2001,"Yes","No","No","No","Yes","Yes","Yes","N/A","N/A","N/A","No","No"
"Hungary (i)",2000,"Yes","No","No","No","Yes","Yes","Yes","N/A","N/A","N/A","No","No"
"Hungary (i)",1999,"Yes","No","No","No","Yes","Yes","Yes","N/A","N/A","N/A","No","No"
"Hungary (i)",1998,"Yes","No","No","No","Yes","Yes","Yes","N/A","N/A","N/A","No","No"
"Hungary (i)",1997,"Yes","No","No","No","Yes","Yes","Yes","N/A","N/A","N/A","No","No"
"Hungary (i)",1996,"Yes","No","No","No","Yes","Yes","Yes","N/A","N/A","N/A","No","No"
"Hungary (i)",1995,"Yes","No","No","No","Yes","No","Yes","N/A","N/A","N/A","No","No"
"Hungary (i)",1994,"Yes","No","No","No","Yes","No","Yes","N/A","N/A","N/A","No","No"
"Hungary (i)",1993,"Yes","No","No","No","Yes","No","Yes","N/A","N/A","N/A","No","No"
"Hungary (i)",1992,"Yes","No","No","No","Yes","No","Yes","N/A","N/A","N/A","No","No"
"Hungary (i)",1991,"Yes","No","No","No","Yes","No","Yes","N/A","N/A","N/A","No","No"
"Hungary (i)",1990,"Yes","No","No","No","Yes","No","Yes","N/A","N/A","N/A","No","No"
"Hungary (i)",1989,"Yes","No","No","No","Yes","No","Yes","N/A","N/A","N/A","No","No"
"Iceland (j)",2015,"Yes","Yes","No","No but","Yes","Yes","Yes","Yes","N/A","Yes","Yes but","Yes but"
"Iceland (j)",2014,"Yes","Yes","No","No but","Yes","Yes","Yes","Yes","N/A","Yes","Yes but","Yes but"
"Iceland (j)",2013,"Yes","Yes","No","No but","Yes","Yes","Yes","Yes","N/A","Yes","Yes but","Yes but"
"Iceland (j)",2012,"Yes","Yes","No","No but","Yes","Yes","Yes","Yes","N/A","Yes","Yes but","Yes but"
"Iceland (j)",2011,"Yes","Yes","No","No but","Yes","Yes","Yes","Yes","N/A","Yes","Yes but","Yes but"
"Iceland (j)",2010,"Yes","Yes","No","No but","Yes","Yes","Yes","Yes","N/A","Yes","Yes but","Yes but"
"Iceland (j)",2009,"Yes","No","No","Yes","Yes","Yes","Yes","N/A","N/A","Yes","Yes but","Yes but"
"Iceland (j)",2008,"Yes","No","No","Yes","Yes","Yes","Yes","N/A","N/A","Yes","Yes but","Yes but"
"Iceland (j)",2007,"Yes","No","No","Yes","Yes","Yes","Yes","N/A","N/A","Yes","Yes but","Yes but"
"Iceland (j)",2006,"Yes","No","No","Yes","Yes","Yes","Yes","N/A","N/A","Yes","Yes but","Yes but"
"Iceland (j)",2005,"Yes","No","No","Yes","Yes","No but","Yes","N/A","N/A","No","Yes but","No"
"Iceland (j)",2004,"Yes","No","No","Yes","Yes","No but","Yes","N/A","N/A","No","Yes but","No"
"Iceland (j)",2003,"Yes","No","No","Yes","Yes","No but","Yes","N/A","N/A","No","Yes but","No"
"Iceland (j)",2002,"Yes","No","No","Yes","Yes","No but","Yes","N/A","N/A","No","Yes but","No"
"Iceland (j)",2001,"Yes","No","No","Yes","Yes","No but","Yes","N/A","N/A","No","Yes but","No"
"Iceland (j)",2000,"Yes","No","No","Yes","Yes","No but","Yes","N/A","N/A","No","Yes but","No"
"Iceland (j)",1999,"Yes","No","No","Yes","Yes","No but","Yes","N/A","N/A","No","Yes but","No"
"Iceland (j)",1998,"Yes","No","No","Yes","Yes","No but","Yes","N/A","N/A","No","No","No"
"Iceland (j)",1997,"Yes","No","No","Yes","Yes","No but","Yes","N/A","N/A","No","No","No"
"Iceland (j)",1996,"Yes","No","No","Yes","Yes","No but","Yes","N/A","N/A","No","No","No"
"Iceland (j)",1995,"Yes","No","No","No","Yes","No but","Yes","N/A","N/A","N/A","No","No"
"Iceland (j)",1994,"Yes","No","No","No","Yes","No but","Yes","N/A","N/A","N/A","No","No"
"Iceland (j)",1993,"Yes","No","No","No","Yes","No but","Yes","N/A","N/A","N/A","No","No"
"Iceland (j)",1992,"Yes","No","No","No","Yes","No but","Yes","N/A","N/A","N/A","No","No"
"Iceland (j)",1991,"Yes","No","No","No","Yes","No but","Yes","N/A","N/A","N/A","No","No"
"Iceland (j)",1990,"Yes","No","No","No","Yes","No but","Yes","N/A","N/A","N/A","No","No"
"Iceland (j)",1989,"Yes","No","No","No","Yes","No but","Yes","N/A","N/A","N/A","No","No"
"Ireland (k)",2016,"Yes","Yes","No","No","Yes","Yes","Yes","Yes","N/A","No but","No but","No but"
"Ireland (k)",2015,"Yes","Yes","No","No","Yes","Yes","Yes","Yes","N/A","No but","No but","No but"
"Ireland (k)",2014,"Yes","No","No","Yes","Yes","Yes","Yes","N/A","N/A","N/A","No","No"
"Ireland (k)",2013,"Yes","No","No","Yes","Yes","Yes","Yes","N/A","N/A","N/A","No","No"
"Ireland (k)",2012,"Yes","No","No","Yes","Yes","Yes","Yes","N/A","N/A","N/A","No","No"
"Ireland (k)",2011,"Yes","No","No","Yes","Yes","Yes","Yes","N/A","N/A","N/A","No","No"
"Ireland (k)",2010,"Yes","No","No","No","Yes but","No but","Yes","N/A","N/A","N/A","No","No"
"Ireland (k)",2009,"Yes","No","No","No","Yes but","No but","Yes","N/A","N/A","N/A","No","No"
"Ireland (k)",2008,"Yes","No","No","No","Yes but","No but","Yes","N/A","N/A","N/A","No","No"
"Ireland (k)",2007,"Yes","No","No","No","Yes but","No but","Yes","N/A","N/A","N/A","No","No"
"Ireland (k)",2006,"Yes","No","No","No","Yes but","No but","Yes","N/A","N/A","N/A","No","No"
"Ireland (k)",2005,"Yes","No","No","No","Yes but","No but","Yes","N/A","N/A","N/A","No","No"
"Ireland (k)",2004,"Yes","No","No","No","Yes but","No but","Yes","N/A","N/A","N/A","No","No"
"Ireland (k)",2003,"Yes","No","No","No","Yes but","No but","Yes","N/A","N/A","N/A","No","No"
"Ireland (k)",2002,"Yes","No","No","No","Yes but","No but","Yes","N/A","N/A","N/A","No","No"
"Ireland (k)",2001,"Yes","No","No","No","Yes but","No but","Yes","N/A","N/A","N/A","No","No"
"Ireland (k)",2000,"Yes","No","No","No","Yes but","No but","Yes","N/A","N/A","N/A","No","No"
"Ireland (k)",1999,"Yes","No","No","No","Yes but","No but","Yes","N/A","N/A","N/A","No","No"
"Ireland (k)",1998,"Yes","No","No","No","Yes but","No but","Yes","N/A","N/A","N/A","No","No"
"Ireland (k)",1997,"Yes","No","No","No","Yes but","No but","Yes","N/A","N/A","N/A","No","No"
"Ireland (k)",1996,"Yes","No","No","No","Yes but","No but","Yes","N/A","N/A","N/A","No","No"
"Ireland (k)",1995,"Yes","No","No","No","No","No","Yes","N/A","N/A","N/A","No","No"
"Ireland (k)",1994,"Yes","No","No","No","No","No","Yes","N/A","N/A","N/A","No","No"
"Ireland (k)",1993,"Yes","No","No","No","No","No","Yes","N/A","N/A","N/A","No","No"
"Ireland (k)",1992,"Yes","No","No","No","No","No","Yes","N/A","N/A","N/A","No","No"
"Ireland (k)",1991,"Yes","No","No","No","No","No","Yes","N/A","N/A","N/A","No","No"
"Ireland (k)",1990,"Yes","No","No","No","No","No","Yes","N/A","N/A","N/A","No","No"
"Ireland (k)",1989,"Yes","No","No","No","No","No","Yes","N/A","N/A","N/A","No","No"
"Italy (l)",2016,"Yes","No","No","Yes","Yes","Yes","Yes","N/A","N/A","No","No","No"
"Italy (l)",2015,"Yes","No","No","No","Yes but","Yes but","Yes","N/A","N/A","N/A","No","No"
"Italy (l)",2014,"Yes","No","No","No","Yes but","Yes but","Yes","N/A","N/A","N/A","No","No"
"Italy (l)",2013,"Yes","No","No","No","Yes but","Yes but","Yes","N/A","N/A","N/A","No","No"
"Italy (l)",2012,"Yes","No","No","No","Yes but","Yes but","Yes","N/A","N/A","N/A","No","No"
"Italy (l)",2011,"Yes","No","No","No","Yes but","Yes but","Yes","N/A","N/A","N/A","No","No"
"Italy (l)",2010,"Yes","No","No","No","Yes but","Yes but","Yes","N/A","N/A","N/A","No","No"
"Italy (l)",2009,"Yes","No","No","No","Yes but","No but","Yes","N/A","N/A","N/A","No","No"
"Italy (l)",2008,"Yes","No","No","No","Yes but","No but","Yes","N/A","N/A","N/A","No","No"
"Italy (l)",2007,"Yes","No","No","No","Yes but","No but","Yes","N/A","N/A","N/A","No","No"
"Italy (l)",2006,"Yes","No","No","No","Yes but","No but","Yes","N/A","N/A","N/A","No","No"
"Italy (l)",2005,"Yes","No","No","No","Yes but","No but","Yes","N/A","N/A","N/A","No","No"
"Italy (l)",2004,"Yes","No","No","No","Yes but","No but","Yes","N/A","N/A","N/A","No","No"
"Italy (l)",2003,"Yes","No","No","No","Yes but","No but","Yes","N/A","N/A","N/A","No","No"
"Italy (l)",2002,"Yes","No","No","No","Yes but","No but","Yes","N/A","N/A","N/A","No","No"
"Italy (l)",2001,"Yes","No","No","No","Yes but","No but","Yes","N/A","N/A","N/A","No","No"
"Italy (l)",2000,"Yes","No","No","No","Yes but","No but","Yes","N/A","N/A","N/A","No","No"
"Italy (l)",1999,"Yes","No","No","No","No but","No but","Yes","N/A","N/A","N/A","No","No"
"Italy (l)",1998,"Yes","No","No","No","No but","No but","Yes","N/A","N/A","N/A","No","No"
"Italy (l)",1997,"Yes","No","No","No","No but","No but","Yes","N/A","N/A","N/A","No","No"
"Italy (l)",1996,"Yes","No","No","No","No but","No but","Yes","N/A","N/A","N/A","No","No"
"Italy (l)",1995,"Yes","No","No","No","No but","No but","Yes","N/A","N/A","N/A","No","No"
"Italy (l)",1994,"Yes","No","No","No","No but","No but","Yes","N/A","N/A","N/A","No","No"
"Italy (l)",1993,"Yes","No","No","No","No but","No but","Yes","N/A","N/A","N/A","No","No"
"Italy (l)",1992,"Yes","No","No","No","No but","No","Yes","N/A","N/A","N/A","No","No"
"Italy (l)",1991,"Yes","No","No","No","No but","No","Yes","N/A","N/A","N/A","No","No"
"Italy (l)",1990,"Yes","No","No","No","No but","No","Yes","N/A","N/A","N/A","No","No"
"Italy (l)",1989,"Yes","No","No","No","No but","No","Yes","N/A","N/A","N/A","No","No"
"Malta (m)",2015,"Yes","No","Yes","Yes","No","No","Yes","N/A","Yes","Yes","No","No"
"Malta (m)",2014,"Yes","No","Yes","Yes","No","No","Yes","N/A","Yes","Yes","No","No"
"Malta (m)",2013,"Yes","No","No","No","No","No","Yes","N/A","N/A","N/A","No","No"
"Malta (m)",2012,"Yes","No","No","No","No","No","Yes","N/A","N/A","N/A","No","No"
"Malta (m)",2011,"Yes","No","No","No","No","No","Yes","N/A","N/A","N/A","No","No"
"Malta (m)",2010,"Yes","No","No","No","No","No","Yes","N/A","N/A","N/A","No","No"
"Malta (m)",2009,"Yes","No","No","No","No","No","Yes","N/A","N/A","N/A","No","No"
"Malta (m)",2008,"Yes","No","No","No","No","No","Yes","N/A","N/A","N/A","No","No"
"Malta (m)",2007,"Yes","No","No","No","No","No","Yes","N/A","N/A","N/A","No","No"
"Malta (m)",2006,"Yes","No","No","No","No","No","Yes","N/A","N/A","N/A","No","No"
"Malta (m)",2005,"Yes","No","No","No","No","No","Yes","N/A","N/A","N/A","No","No"
"Malta (m)",2004,"Yes","No","No","No","No","No","Yes","N/A","N/A","N/A","No","No"
"Malta (m)",2003,"Yes","No","No","No","No","No","Yes","N/A","N/A","N/A","No","No"
"Malta (m)",2002,"Yes","No","No","No","No","No","Yes","N/A","N/A","N/A","No","No"
"Malta (m)",2001,"Yes","No","No","No","No","No","Yes","N/A","N/A","N/A","No","No"
"Malta (m)",2000,"Yes","No","No","No","No","No","Yes","N/A","N/A","N/A","No","No"
"Malta (m)",1999,"Yes","No","No","No","No","No","Yes","N/A","N/A","N/A","No","No"
"Malta (m)",1998,"Yes","No","No","No","No","No","Yes","N/A","N/A","N/A","No","No"
"Malta (m)",1997,"Yes","No","No","No","No","No","Yes","N/A","N/A","N/A","No","No"
"Malta (m)",1996,"Yes","No","No","No","No","No","Yes","N/A","N/A","N/A","No","No"
"Malta (m)",1995,"Yes","No","No","No","No","No","Yes","N/A","N/A","N/A","No","No"
"Malta (m)",1994,"Yes","No","No","No","No","No","Yes","N/A","N/A","N/A","No","No"
"Malta (m)",1993,"Yes","No","No","No","No","No","Yes","N/A","N/A","N/A","No","No"
"Malta (m)",1992,"Yes","No","No","No","No","No","Yes","N/A","N/A","N/A","No","No"
"Malta (m)",1991,"Yes","No","No","No","No","No","Yes","N/A","N/A","N/A","No","No"
"Malta (m)",1990,"Yes","No","No","No","No","No","Yes","N/A","N/A","N/A","No","No"
"Malta (m)",1989,"Yes","No","No","No","No","No","Yes","N/A","N/A","N/A","No","No"
"Netherlands (n)",2015,"Yes","Yes","Yes","Yes","Yes","Yes","Yes but","Yes but","Yes but","Yes but","Yes but","Yes but"
"Netherlands (n)",2014,"Yes","Yes","Yes","Yes","Yes","Yes","Yes but","Yes but","Yes but","Yes but","Yes but","Yes but"
"Netherlands (n)",2013,"Yes","Yes","Yes","Yes","Yes","Yes","Yes but","Yes but","Yes but","Yes but","Yes but","Yes but"
"Netherlands (n)",2012,"Yes","Yes","Yes","Yes","Yes","Yes","Yes but","Yes but","Yes but","Yes but","Yes but","Yes but"
"Netherlands (n)",2011,"Yes","Yes","Yes","Yes","Yes","Yes","Yes but","Yes but","Yes but","Yes but","Yes but","Yes but"
"Netherlands (n)",2010,"Yes","Yes","Yes","Yes","Yes","Yes","Yes but","Yes but","Yes but","Yes but","Yes but","Yes but"
"Netherlands (n)",2009,"Yes","Yes","Yes","Yes","Yes","Yes","Yes but","Yes but","Yes but","Yes but","Yes but","Yes but"
"Netherlands (n)",2008,"Yes","Yes","Yes","Yes","Yes","Yes","Yes but","Yes but","Yes but","Yes but","Yes but","Yes but"
"Netherlands (n)",2007,"Yes","Yes","Yes","Yes","Yes","Yes","Yes but","Yes but","Yes but","Yes but","Yes but","Yes but"
"Netherlands (n)",2006,"Yes","Yes","Yes","Yes","Yes","Yes","Yes but","Yes but","Yes but","Yes but","Yes but","Yes but"
"Netherlands (n)",2005,"Yes","Yes","Yes","Yes","Yes","Yes","Yes but","Yes but","Yes but","Yes but","Yes but","Yes but"
"Netherlands (n)",2004,"Yes","Yes","Yes","Yes","Yes","Yes","Yes but","Yes but","Yes but","Yes but","Yes but","Yes but"
"Netherlands (n)",2003,"Yes","Yes","Yes","Yes","Yes","Yes","Yes but","Yes but","Yes but","Yes but","Yes but","Yes but"
"Netherlands (n)",2002,"Yes","Yes","Yes","Yes","Yes","Yes","Yes but","Yes but","Yes but","Yes but","Yes but","Yes but"
"Netherlands (n)",2001,"Yes","Yes","Yes","Yes","Yes","Yes","Yes but","Yes but","Yes but","Yes but","Yes but","Yes but"
"Netherlands (n)",2000,"Yes","No","Yes","Yes","Yes","Yes","Yes but","N/A","Yes but","No","Yes but","No"
"Netherlands (n)",1999,"Yes","No","Yes","Yes","Yes","Yes","Yes but","N/A","Yes but","No","Yes but","No"
"Netherlands (n)",1998,"Yes","No","Yes","Yes","Yes","Yes","Yes but","N/A","Yes but","No","Yes but","No"
"Netherlands (n)",1997,"Yes","No","No","No","Yes","Yes","Yes but","N/A","N/A","N/A","No","No"
"Netherlands (n)",1996,"Yes","No","No","No","Yes","Yes","Yes but","N/A","N/A","N/A","No","No"
"Netherlands (n)",1995,"Yes","No","No","No","Yes","Yes","Yes but","N/A","N/A","N/A","No","No"
"Netherlands (n)",1994,"Yes","No","No","No","Yes","Yes","Yes but","N/A","N/A","N/A","No","No"
"Netherlands (n)",1993,"Yes","No","No","No","Yes","Yes","Yes but","N/A","N/A","N/A","No","No"
"Netherlands (n)",1992,"Yes","No","No","No","Yes","Yes","Yes but","N/A","N/A","N/A","No","No"
"Netherlands (n)",1991,"Yes","No","No","No","Yes","Yes","Yes but","N/A","N/A","N/A","No","No"
"Netherlands (n)",1990,"Yes","No","No","No","Yes","Yes","Yes but","N/A","N/A","N/A","No","No"
"Netherlands (n)",1989,"Yes","No","No","No","Yes","Yes","Yes but","N/A","N/A","N/A","No","No"
"Norway (o)",2015,"Yes","Yes","No","No but","Yes","Yes","Yes","Yes but","N/A","Yes but","Yes","Yes but"
"Norway (o)",2014,"Yes","Yes","No","No but","Yes","Yes","Yes","Yes but","N/A","Yes but","Yes","Yes but"
"Norway (o)",2013,"Yes","Yes","No","No but","Yes","Yes","Yes","Yes but","N/A","No","No","No"
"Norway (o)",2012,"Yes","Yes","No","No but","Yes","Yes","Yes","Yes but","N/A","No","No","No"
"Norway (o)",2011,"Yes","Yes","No","No but","Yes","Yes","Yes","Yes but","N/A","No","No","No"
"Norway (o)",2010,"Yes","Yes","No","No but","Yes","Yes","Yes","Yes but","N/A","No","No","No"
"Norway (o)",2009,"Yes","Yes","No","No but","Yes","Yes","Yes","Yes but","N/A","No","No","No"
"Norway (o)",2008,"Yes","No","No","Yes","Yes","Yes","Yes","N/A","N/A","No","No","No"
"Norway (o)",2007,"Yes","No","No","Yes","Yes","Yes","Yes","N/A","N/A","No","No","No"
"Norway (o)",2006,"Yes","No","No","Yes","Yes","Yes","Yes","N/A","N/A","No","No","No"
"Norway (o)",2005,"Yes","No","No","Yes","Yes","Yes","Yes","N/A","N/A","No","No","No"
"Norway (o)",2004,"Yes","No","No","Yes","Yes","Yes","Yes","N/A","N/A","No","No","No"
"Norway (o)",2003,"Yes","No","No","Yes","Yes","Yes","Yes","N/A","N/A","No","No","No"
"Norway (o)",2002,"Yes","No","No","Yes","Yes","Yes","Yes","N/A","N/A","No","No","No"
"Norway (o)",2001,"Yes","No","No","Yes","Yes","Yes","Yes","N/A","N/A","No","No","No"
"Norway (o)",2000,"Yes","No","No","Yes","Yes","Yes","Yes","N/A","N/A","No","No","No"
"Norway (o)",1999,"Yes","No","No","Yes","Yes","Yes","Yes","N/A","N/A","No","No","No"
"Norway (o)",1998,"Yes","No","No","Yes","Yes","Yes","Yes","N/A","N/A","No","No","No"
"Norway (o)",1997,"Yes","No","No","Yes","Yes","Yes","Yes","N/A","N/A","No","No","No"
"Norway (o)",1996,"Yes","No","No","Yes","Yes","Yes","Yes","N/A","N/A","No","No","No"
"Norway (o)",1995,"Yes","No","No","Yes","Yes","Yes","Yes","N/A","N/A","No","No","No"
"Norway (o)",1994,"Yes","No","No","Yes","Yes","Yes","Yes","N/A","N/A","No","No","No"
"Norway (o)",1993,"Yes","No","No","Yes","Yes","Yes","Yes","N/A","N/A","No","No","No"
"Norway (o)",1992,"Yes","No","No","No","Yes","Yes","Yes","N/A","N/A","N/A","No","No"
"Norway (o)",1991,"Yes","No","No","No","Yes","Yes","Yes","N/A","N/A","N/A","No","No"
"Norway (o)",1990,"Yes","No","No","No","No but","No but","Yes","N/A","N/A","N/A","No","No"
"Norway (o)",1989,"Yes","No","No","No","No but","No but","Yes","N/A","N/A","N/A","No","No"
"Poland (p)",2015,"Yes","No","No","No","Yes","Yes","Yes","N/A","N/A","N/A","No","No"
"Poland (p)",2014,"Yes","No","No","No","Yes","Yes","Yes","N/A","N/A","N/A","No","No"
"Poland (p)",2013,"Yes","No","No","No","Yes","Yes","Yes","N/A","N/A","N/A","No","No"
"Poland (p)",2012,"Yes","No","No","No","Yes","Yes","Yes","N/A","N/A","N/A","No","No"
"Poland (p)",2011,"Yes","No","No","No","Yes","Yes but","Yes","N/A","N/A","N/A","No","No"
"Poland (p)",2010,"Yes","No","No","No","Yes","Yes but","Yes","N/A","N/A","N/A","No","No"
"Poland (p)",2009,"Yes","No","No","No","Yes","Yes but","Yes","N/A","N/A","N/A","No","No"
"Poland (p)",2008,"Yes","No","No","No","Yes","Yes but","Yes","N/A","N/A","N/A","No","No"
"Poland (p)",2007,"Yes","No","No","No","Yes","Doubt","Yes","N/A","N/A","N/A","No","No"
"Poland (p)",2006,"Yes","No","No","No","Yes","Doubt","Yes","N/A","N/A","N/A","No","No"
"Poland (p)",2005,"Yes","No","No","No","Yes","Doubt","Yes","N/A","N/A","N/A","No","No"
"Poland (p)",2004,"Yes","No","No","No","Yes","Doubt","Yes","N/A","N/A","N/A","No","No"
"Poland (p)",2003,"Yes","No","No","No","Yes","Doubt","Yes","N/A","N/A","N/A","No","No"
"Poland (p)",2002,"Yes","No","No","No","Yes","Doubt","Yes","N/A","N/A","N/A","No","No"
"Poland (p)",2001,"Yes","No","No","No","Yes","Doubt","Yes","N/A","N/A","N/A","No","No"
"Poland (p)",2000,"Yes","No","No","No","Yes","Doubt","Yes","N/A","N/A","N/A","No","No"
"Poland (p)",1999,"Yes","No","No","No","Yes","Doubt","Yes","N/A","N/A","N/A","No","No"
"Poland (p)",1998,"Yes","No","No","No","Yes","Doubt","Yes","N/A","N/A","N/A","No","No"
"Poland (p)",1997,"Yes","No","No","No","Yes","Doubt","Yes","N/A","N/A","N/A","No","No"
"Poland (p)",1996,"Yes","No","No","No","?","?","Yes","N/A","N/A","N/A","No","No"
"Poland (p)",1995,"Yes","No","No","No","?","?","Yes","N/A","N/A","N/A","No","No"
"Poland (p)",1994,"Yes","No","No","No","?","?","Yes","N/A","N/A","N/A","No","No"
"Poland (p)",1993,"Yes","No","No","No","?","?","Yes","N/A","N/A","N/A","No","No"
"Poland (p)",1992,"Yes","No","No","No","?","?","Yes","N/A","N/A","N/A","No","No"
"Poland (p)",1991,"Yes","No","No","No","?","?","Yes","N/A","N/A","N/A","No","No"
"Poland (p)",1990,"Yes","No","No","No","?","?","Yes","N/A","N/A","N/A","No","No"
"Poland (p)",1989,"Yes","No","No","No","?","?","Yes","N/A","N/A","N/A","No","No"
"Portugal (q)",2015,"Yes","Yes","No","No","Yes","Yes","Yes","No","N/A","N/A","Yes","No"
"Portugal (q)",2014,"Yes","Yes","No","No","Yes","Yes","Yes","No","N/A","N/A","Yes","No"
"Portugal (q)",2013,"Yes","Yes","No","No","Yes","Yes","Yes","No","N/A","N/A","Yes","No"
"Portugal (q)",2012,"Yes","Yes","No","No","Yes","Yes","Yes","No","N/A","N/A","Yes","No"
"Portugal (q)",2011,"Yes","Yes","No","No","Yes","Yes","Yes","No","N/A","N/A","Yes","No"
"Portugal (q)",2010,"Yes","Yes","No","No","Yes","Yes","Yes","No","N/A","N/A","Yes","No"
"Portugal (q)",2009,"Yes","No","No","No","Yes","Yes","Yes","N/A","N/A","N/A","Yes","No"
"Portugal (q)",2008,"Yes","No","No","No","Yes","Yes","Yes","N/A","N/A","N/A","Yes","No"
"Portugal (q)",2007,"Yes","No","No","No","Yes","Yes","Yes","N/A","N/A","N/A","Yes","No"
"Portugal (q)",2006,"Yes","No","No","No","Yes","Yes","Yes","N/A","N/A","N/A","Yes","No"
"Portugal (q)",2005,"Yes","No","No","No","Yes","Yes","Yes","N/A","N/A","N/A","Yes","No"
"Portugal (q)",2004,"Yes","No","No","No","Yes","Yes","Yes","N/A","N/A","N/A","Yes","No"
"Portugal (q)",2003,"Yes","No","No","No","Yes","Yes","Yes","N/A","N/A","N/A","Yes","No"
"Portugal (q)",2002,"Yes","No","No","No","Yes","Yes","Yes","N/A","N/A","N/A","Yes","No"
"Portugal (q)",2001,"Yes","No","No","No","Yes","Yes","Yes","N/A","N/A","N/A","Yes","No"
"Portugal (q)",2000,"Yes","No","No","No","Yes","No","Yes","N/A","N/A","N/A","No","No"
"Portugal (q)",1999,"Yes","No","No","No","Yes","No","Yes","N/A","N/A","N/A","No","No"
"Portugal (q)",1998,"Yes","No","No","No","No but","No","Yes","N/A","N/A","N/A","No","No"
"Portugal (q)",1997,"Yes","No","No","No","No but","No","Yes","N/A","N/A","N/A","No","No"
"Portugal (q)",1996,"Yes","No","No","No","No but","No","Yes","N/A","N/A","N/A","No","No"
"Portugal (q)",1995,"Yes","No","No","No","No but","No","Yes","N/A","N/A","N/A","No","No"
"Portugal (q)",1994,"Yes","No","No","No","No but","No","Yes","N/A","N/A","N/A","No","No"
"Portugal (q)",1993,"Yes","No","No","No","No but","No","Yes","N/A","N/A","N/A","No","No"
"Portugal (q)",1992,"Yes","No","No","No","No but","No","Yes","N/A","N/A","N/A","No","No"
"Portugal (q)",1991,"Yes","No","No","No","No but","No","Yes","N/A","N/A","N/A","No","No"
"Portugal (q)",1990,"Yes","No","No","No","No but","No","Yes","N/A","N/A","N/A","No","No"
"Portugal (q)",1989,"Yes","No","No","No","No but","No","Yes","N/A","N/A","N/A","No","No"
"Romania (r)",2015,"Yes","No","No","No","No but","No","Yes","N/A","N/A","N/A","No","No"
"Romania (r)",2014,"Yes","No","No","No","No but","No","Yes","N/A","N/A","N/A","No","No"
"Romania (r)",2013,"Yes","No","No","No","No but","No","Yes","N/A","N/A","N/A","No","No"
"Romania (r)",2012,"Yes","No","No","No","No but","No","Yes","N/A","N/A","N/A","No","No"
"Romania (r)",2011,"Yes","No","No","No","No but","No","Yes","N/A","N/A","N/A","No","No"
"Romania (r)",2010,"Yes","No","No","No","No but","No","Yes","N/A","N/A","N/A","No","No"
"Romania (r)",2009,"Yes","No","No","No","No but","No","Yes","N/A","N/A","N/A","No","No"
"Romania (r)",2008,"Yes","No","No","No","No but","No","Yes","N/A","N/A","N/A","No","No"
"Romania (r)",2007,"Yes","No","No","No","No but","No","Yes","N/A","N/A","N/A","No","No"
"Romania (r)",2006,"Yes","No","No","No","No but","No","Yes","N/A","N/A","N/A","No","No"
"Romania (r)",2005,"Yes","No","No","No","No but","No","Yes","N/A","N/A","N/A","No","No"
"Romania (r)",2004,"Yes","No","No","No","No but","No","Yes","N/A","N/A","N/A","No","No"
"Romania (r)",2003,"Yes","No","No","No","No but","No","Yes","N/A","N/A","N/A","No","No"
"Romania (r)",2002,"Yes","No","No","No","No but","No","Yes","N/A","N/A","N/A","No","No"
"Romania (r)",2001,"Yes","No","No","No","No","No","Yes","N/A","N/A","N/A","No","No"
"Romania (r)",2000,"Yes","No","No","No","No","No","Yes","N/A","N/A","N/A","No","No"
"Romania (r)",1999,"Yes","No","No","No","No","No","Yes","N/A","N/A","N/A","No","No"
"Romania (r)",1998,"Yes","No","No","No","No","No","Yes","N/A","N/A","N/A","No","No"
"Romania (r)",1997,"Yes","No","No","No","No","No","Yes","N/A","N/A","N/A","No","No"
"Romania (r)",1996,"Yes","No","No","No","No","No","Yes","N/A","N/A","N/A","No","No"
"Romania (r)",1995,"Yes","No","No","No","No","No","Yes","N/A","N/A","N/A","No","No"
"Romania (r)",1994,"Yes","No","No","No","No","No","Yes","N/A","N/A","N/A","No","No"
"Romania (r)",1993,"Yes","No","No","No","No","No","Yes","N/A","N/A","N/A","No","No"
"Romania (r)",1992,"Yes","No","No","No","No","No","Yes","N/A","N/A","N/A","No","No"
"Romania (r)",1991,"Yes","No","No","No","No","No","Yes","N/A","N/A","N/A","No","No"
"Romania (r)",1990,"Yes","No","No","No","No","No","Yes","N/A","N/A","N/A","No","No"
"Romania (r)",1989,"Yes","No","No","No","No","No","Yes","N/A","N/A","N/A","No","No"
"Slovenia (s)",2015,"Yes","No","No","Yes","Yes but","No but","Yes","N/A","N/A","No","No but","No"
"Slovenia (s)",2014,"Yes","No","No","Yes","Yes but","No but","Yes","N/A","N/A","No","No but","No"
"Slovenia (s)",2013,"Yes","No","No","Yes","Yes but","No but","Yes","N/A","N/A","No","No but","No"
"Slovenia (s)",2012,"Yes","No","No","Yes","Yes but","No","Yes","N/A","N/A","No","No but","No"
"Slovenia (s)",2011,"Yes","No","No","Yes","Yes but","No","Yes","N/A","N/A","No","No but","No"
"Slovenia (s)",2010,"Yes","No","No","Yes","Yes but","No","Yes","N/A","N/A","No","No but","No"
"Slovenia (s)",2009,"Yes","No","No","Yes","Yes but","No","Yes","N/A","N/A","No","No but","No"
"Slovenia (s)",2008,"Yes","No","No","Yes","Yes but","No","Yes","N/A","N/A","No","No but","No"
"Slovenia (s)",2007,"Yes","No","No","Yes","Yes but","No","Yes","N/A","N/A","No","No but","No"
"Slovenia (s)",2006,"Yes","No","No","Yes","Yes but","No","Yes","N/A","N/A","No","No but","No"
"Slovenia (s)",2005,"Yes","No","No","Yes","Yes but","No","Yes","N/A","N/A","No","No but","No"
"Slovenia (s)",2004,"Yes","No","No","No","Yes but","No","Yes","N/A","N/A","N/A","No but","No"
"Slovenia (s)",2003,"Yes","No","No","No","Yes but","No","Yes","N/A","N/A","N/A","No but","No"
"Slovenia (s)",2002,"Yes","No","No","No","Yes but","No","Yes","N/A","N/A","N/A","No but","No"
"Slovenia (s)",2001,"Yes","No","No","No","Yes but","No","Yes","N/A","N/A","N/A","No but","No"
"Slovenia (s)",2000,"Yes","No","No","No","Yes but","No","Yes","N/A","N/A","N/A","No but","No"
"Slovenia (s)",1999,"Yes","No","No","No","Yes but","No","Yes","N/A","N/A","N/A","No but","No"
"Slovenia (s)",1998,"Yes","No","No","No","Yes but","No","Yes","N/A","N/A","N/A","No but","No"
"Slovenia (s)",1997,"Yes","No","No","No","Yes but","No","Yes","N/A","N/A","N/A","No but","No"
"Slovenia (s)",1996,"Yes","No","No","No","Yes but","No","Yes","N/A","N/A","N/A","No but","No"
"Slovenia (s)",1995,"Yes","No","No","No","Yes but","No","Yes","N/A","N/A","N/A","No but","No"
"Slovenia (s)",1994,"Yes","No","No","No","Yes but","No","Yes","N/A","N/A","N/A","No but","No"
"Slovenia (s)",1993,"Yes","No","No","No","Yes but","No","Yes","N/A","N/A","N/A","No but","No"
"Slovenia (s)",1992,"Yes","No","No","No","Yes but","No","Yes","N/A","N/A","N/A","No but","No"
"Slovenia (s)",1991,"Yes","No","No","No","Yes but","No","Yes","N/A","N/A","N/A","No but","No"
"Slovenia (s)",1990,"Yes","No","No","No","Yes but","No","Yes","N/A","N/A","N/A","No but","No"
"Slovenia (s)",1989,"Yes","No","No","No","Yes but","No","Yes","N/A","N/A","N/A","No but","No"
"Sweden (t)",2015,"Yes","Yes","No","No but","Yes","Yes","Yes","Yes","N/A","Yes","No","No"
"Sweden (t)",2014,"Yes","Yes","No","No but","Yes","Yes","Yes","Yes","N/A","Yes","No","No"
"Sweden (t)",2013,"Yes","Yes","No","No but","Yes","Yes","Yes","Yes","N/A","Yes","No","No"
"Sweden (t)",2012,"Yes","Yes","No","No but","Yes","Yes","Yes","Yes","N/A","Yes","No","No"
"Sweden (t)",2011,"Yes","Yes","No","No but","Yes","Yes","Yes","Yes","N/A","Yes","No","No"
"Sweden (t)",2010,"Yes","Yes","No","No but","Yes","Yes","Yes","Yes","N/A","Yes","No","No"
"Sweden (t)",2009,"Yes","Yes","No","No but","Yes","Yes","Yes","Yes","N/A","Yes","No","No"
"Sweden (t)",2008,"Yes","No","No","Yes","Yes","Yes","Yes","N/A","N/A","Yes","No","No"
"Sweden (t)",2007,"Yes","No","No","Yes","Yes","Yes","Yes","N/A","N/A","Yes","No","No"
"Sweden (t)",2006,"Yes","No","No","Yes","Yes","Yes","Yes","N/A","N/A","Yes","No","No"
"Sweden (t)",2005,"Yes","No","No","Yes","Yes","Yes","Yes","N/A","N/A","Yes","No","No"
"Sweden (t)",2004,"Yes","No","No","Yes","Yes","Yes","Yes","N/A","N/A","Yes","No","No"
"Sweden (t)",2003,"Yes","No","No","Yes","Yes","Yes","Yes","N/A","N/A","Yes","No","No"
"Sweden (t)",2002,"Yes","No","No","Yes","Yes","Yes but","Yes","N/A","N/A","No","No","No"
"Sweden (t)",2001,"Yes","No","No","Yes","Yes","Yes but","Yes","N/A","N/A","No","No","No"
"Sweden (t)",2000,"Yes","No","No","Yes","Yes","Yes but","Yes","N/A","N/A","No","No","No"
"Sweden (t)",1999,"Yes","No","No","Yes","Yes","Yes but","Yes","N/A","N/A","No","No","No"
"Sweden (t)",1998,"Yes","No","No","Yes","Yes","Yes but","Yes","N/A","N/A","No","No","No"
"Sweden (t)",1997,"Yes","No","No","Yes","Yes","Yes but","Yes","N/A","N/A","No","No","No"
"Sweden (t)",1996,"Yes","No","No","Yes","Yes","Yes but","Yes","N/A","N/A","No","No","No"
"Sweden (t)",1995,"Yes","No","No","Yes","Yes","Yes but","Yes","N/A","N/A","No","No","No"
"Sweden (t)",1994,"Yes","No","No","No","Yes","Yes but","Yes","N/A","N/A","N/A","No","No"
"Sweden (t)",1993,"Yes","No","No","No","Yes","Yes but","Yes","N/A","N/A","N/A","No","No"
"Sweden (t)",1992,"Yes","No","No","No","Yes","Yes but","Yes","N/A","N/A","N/A","No","No"
"Sweden (t)",1991,"Yes","No","No","No","Yes","Yes but","Yes","N/A","N/A","N/A","No","No"
"Sweden (t)",1990,"Yes","No","No","No","Yes","Yes but","Yes","N/A","N/A","N/A","No","No"
"Sweden (t)",1989,"Yes","No","No","No","Yes","Yes but","Yes","N/A","N/A","N/A","No","No"
"UK: England and Wales (u)",2016,"Yes","Yes","No","Yes","Yes but","Yes but","Yes","Yes","N/A","Yes","Yes","Yes"
"UK: England and Wales (u)",2015,"Yes","Yes","No","Yes","Yes but","Yes but","Yes","Yes","N/A","Yes","Yes","Yes"
"UK: England and Wales (u)",2014,"Yes","Yes","No","Yes","Yes but","Yes but","Yes","Yes","N/A","Yes","Yes","Yes"
"UK: England and Wales (u)",2013,"Yes","No","No","Yes","Yes but","Yes but","Yes","N/A","N/A","Yes","Yes","Yes"
"UK: England and Wales (u)",2012,"Yes","No","No","Yes","Yes but","Yes but","Yes","N/A","N/A","Yes","Yes","Yes"
"UK: England and Wales (u)",2011,"Yes","No","No","Yes","Yes but","Yes but","Yes","N/A","N/A","Yes","Yes","Yes"
"UK: England and Wales (u)",2010,"Yes","No","No","Yes","Yes but","Yes but","Yes","N/A","N/A","Yes","Yes","Yes"
"UK: England and Wales (u)",2009,"Yes","No","No","Yes","Yes but","Yes but","Yes","N/A","N/A","Yes","Yes","Yes"
"UK: England and Wales (u)",2008,"Yes","No","No","Yes","Yes but","Yes but","Yes","N/A","N/A","Yes","Yes","Yes"
"UK: England and Wales (u)",2007,"Yes","No","No","Yes","Yes but","Yes but","Yes","N/A","N/A","Yes","Yes","Yes"
"UK: England and Wales (u)",2006,"Yes","No","No","Yes","Yes but","Yes but","Yes","N/A","N/A","Yes","Yes","Yes"
"UK: England and Wales (u)",2005,"Yes","No","No","Yes","Yes but","Yes but","Yes","N/A","N/A","Yes","Yes","Yes"
"UK: England and Wales (u)",2004,"Yes","No","No","No","Yes but","Yes but","Yes","N/A","N/A","N/A","No","No"
"UK: England and Wales (u)",2003,"Yes","No","No","No","Yes but","Yes but","Yes","N/A","N/A","N/A","No","No"
"UK: England and Wales (u)",2002,"Yes","No","No","No","Yes but","Yes but","Yes","N/A","N/A","N/A","No","No"
"UK: England and Wales (u)",2001,"Yes","No","No","No","Yes but","Yes but","Yes","N/A","N/A","N/A","No","No"
"UK: England and Wales (u)",2000,"Yes","No","No","No","Yes but","Yes but","Yes","N/A","N/A","N/A","No","No"
"UK: England and Wales (u)",1999,"Yes","No","No","No","Yes but","Yes but","Yes","N/A","N/A","N/A","No","No"
"UK: England and Wales (u)",1998,"Yes","No","No","No","Yes but","Yes but","Yes","N/A","N/A","N/A","No","No"
"UK: England and Wales (u)",1997,"Yes","No","No","No","Yes but","Yes but","Yes","N/A","N/A","N/A","No","No"
"UK: England and Wales (u)",1996,"Yes","No","No","No","Yes but","?","Yes","N/A","N/A","N/A","No","No"
"UK: England and Wales (u)",1995,"Yes","No","No","No","Yes but","?","Yes","N/A","N/A","N/A","No","No"
"UK: England and Wales (u)",1994,"Yes","No","No","No","Yes but","?","Yes","N/A","N/A","N/A","No","No"
"UK: England and Wales (u)",1993,"Yes","No","No","No","Yes but","?","Yes","N/A","N/A","N/A","No","No"
"UK: England and Wales (u)",1992,"Yes","No","No","No","Yes but","?","Yes","N/A","N/A","N/A","No","No"
"UK: England and Wales (u)",1991,"Yes","No","No","No","Yes but","?","Yes","N/A","N/A","N/A","No","No"
"UK: England and Wales (u)",1990,"Yes","No","No","No","Yes but","?","Yes","N/A","N/A","N/A","No","No"
"UK: England and Wales (u)",1989,"Yes","No","No","No","Yes but","?","Yes","N/A","N/A","N/A","No","No"
"UK: England and Wales (u)",2016,"Yes","Yes","No","Yes","Yes but","Yes but","Yes","N/A","N/A","Yes","Yes","Yes"
"UK: England and Wales (u)",2015,"Yes","Yes","No","Yes","Yes but","Yes but","Yes","N/A","N/A","Yes","Yes","Yes"
"UK: England and Wales (u)",2014,"Yes","Yes","No","Yes","Yes but","Yes but","Yes","N/A","N/A","Yes","Yes","Yes"
"UK: England and Wales (u)",2013,"Yes","No","No","Yes","Yes but","Yes but","Yes","N/A","N/A","Yes","Yes","Yes"
"UK: England and Wales (u)",2012,"Yes","No","No","Yes","Yes but","Yes but","Yes","N/A","N/A","No","No","No"
"UK: England and Wales (u)",2011,"Yes","No","No","Yes","Yes but","Yes but","Yes","N/A","N/A","No","No","No"
"UK: England and Wales (u)",2010,"Yes","No","No","Yes","Yes but","Yes but","Yes","N/A","N/A","No","No","No"
"UK: England and Wales (u)",2009,"Yes","No","No","Yes","Yes but","Yes but","Yes","N/A","N/A","No","No","No"
"UK: England and Wales (u)",2008,"Yes","No","No","Yes","Yes but","Yes but","Yes","N/A","N/A","No","No","No"
"UK: England and Wales (u)",2007,"Yes","No","No","Yes","Yes but","Yes but","Yes","N/A","N/A","No","No","No"
"UK: England and Wales (u)",2006,"Yes","No","No","Yes","Yes but","Yes but","Yes","N/A","N/A","No","No","No"
"UK: England and Wales (u)",2005,"Yes","No","No","Yes","Yes but","Yes but","Yes","N/A","N/A","No","No","No"
"UK: England and Wales (u)",2004,"Yes","No","No","No","Yes but","Yes but","Yes","N/A","N/A","N/A","No","No"
"UK: England and Wales (u)",2003,"Yes","No","No","No","Yes but","Yes but","Yes","N/A","N/A","N/A","No","No"
"UK: England and Wales (u)",2002,"Yes","No","No","No","Yes but","Yes but","Yes","N/A","N/A","N/A","No","No"
"UK: England and Wales (u)",2001,"Yes","No","No","No","Yes but","Yes but","Yes","N/A","N/A","N/A","No","No"
"UK: England and Wales (u)",2000,"Yes","No","No","No","Yes but","Yes but","Yes","N/A","N/A","N/A","No","No"
"UK: England and Wales (u)",1999,"Yes","No","No","No","Yes but","Yes but","Yes","N/A","N/A","N/A","No","No"
"UK: England and Wales (u)",1998,"Yes","No","No","No","Yes but","Yes but","Yes","N/A","N/A","N/A","No","No"
"UK: England and Wales (u)",1997,"Yes","No","No","No","Yes but","Yes but","Yes","N/A","N/A","N/A","No","No"
"UK: England and Wales (u)",1996,"Yes","No","No","No","Yes but","?","Yes","N/A","N/A","N/A","No","No"
"UK: England and Wales (u)",1995,"Yes","No","No","No","Yes but","?","Yes","N/A","N/A","N/A","No","No"
"UK: England and Wales (u)",1994,"Yes","No","No","No","Yes but","?","Yes","N/A","N/A","N/A","No","No"
"UK: England and Wales (u)",1993,"Yes","No","No","No","Yes but","?","Yes","N/A","N/A","N/A","No","No"
"UK: England and Wales (u)",1992,"Yes","No","No","No","Yes but","?","Yes","N/A","N/A","N/A","No","No"
"UK: England and Wales (u)",1991,"Yes","No","No","No","Yes but","?","Yes","N/A","N/A","N/A","No","No"
"UK: England and Wales (u)",1990,"Yes","No","No","No","Yes but","?","Yes","N/A","N/A","N/A","No","No"
"UK: England and Wales (u)",1989,"Yes","No","No","No","Yes but","?","Yes","N/A","N/A","N/A","No","No"
"UK: Scotland (w)",2016,"Yes","Yes","No","Yes","Yes but","Yes but","Yes","Yes","N/A","Yes","Yes","Yes"
"UK: Scotland (w)",2015,"Yes","Yes","No","Yes","Yes but","Yes but","Yes","Yes","N/A","Yes","Yes","Yes"
"UK: Scotland (w)",2014,"Yes","Yes","No","Yes","Yes but","Yes but","Yes","Yes","N/A","Yes","Yes","Yes"
"UK: Scotland (w)",2013,"Yes","No","No","Yes","Yes but","Yes but","Yes","N/A","N/A","Yes","Yes","Yes"
"UK: Scotland (w)",2012,"Yes","No","No","Yes","Yes but","Yes but","Yes","N/A","N/A","Yes","Yes","Yes"
"UK: Scotland (w)",2011,"Yes","No","No","Yes","Yes but","Yes but","Yes","N/A","N/A","Yes","Yes","Yes"
"UK: Scotland (w)",2010,"Yes","No","No","Yes","Yes but","Yes but","Yes","N/A","N/A","Yes","Yes","Yes"
"UK: Scotland (w)",2009,"Yes","No","No","Yes","Yes but","Yes but","Yes","N/A","N/A","Yes","Yes","Yes"
"UK: Scotland (w)",2008,"Yes","No","No","Yes","Yes but","Yes but","Yes","N/A","N/A","No","No","No"
"UK: Scotland (w)",2007,"Yes","No","No","Yes","Yes but","Yes but","Yes","N/A","N/A","No","No","No"
"UK: Scotland (w)",2006,"Yes","No","No","Yes","Yes but","Yes but","Yes","N/A","N/A","No","No","No"
"UK: Scotland (w)",2005,"Yes","No","No","Yes","No but","No but","Yes","N/A","N/A","No","No","No"
"UK: Scotland (w)",2004,"Yes","No","No","No","No but","No but","Yes","N/A","N/A","N/A","No","No"
"UK: Scotland (w)",2003,"Yes","No","No","No","No but","No but","Yes","N/A","N/A","N/A","No","No"
"UK: Scotland (w)",2002,"Yes","No","No","No","No but","No but","Yes","N/A","N/A","N/A","No","No"
"UK: Scotland (w)",2001,"Yes","No","No","No","No but","No but","Yes","N/A","N/A","N/A","No","No"
"UK: Scotland (w)",2000,"Yes","No","No","No","No but","No but","Yes","N/A","N/A","N/A","No","No"
"UK: Scotland (w)",1999,"Yes","No","No","No","No but","No","Yes","N/A","N/A","N/A","No","No"
"UK: Scotland (w)",1998,"Yes","No","No","No","No but","No","Yes","N/A","N/A","N/A","No","No"
"UK: Scotland (w)",1997,"Yes","No","No","No","No but","No","Yes","N/A","N/A","N/A","No","No"
"UK: Scotland (w)",1996,"Yes","No","No","No","No but","No","Yes","N/A","N/A","N/A","No","No"
"UK: Scotland (w)",1995,"Yes","No","No","No","No but","No","Yes","N/A","N/A","N/A","No","No"
"UK: Scotland (w)",1994,"Yes","No","No","No","No but","No","Yes","N/A","N/A","N/A","No","No"
"UK: Scotland (w)",1993,"Yes","No","No","No","No but","No","Yes","N/A","N/A","N/A","No","No"
"UK: Scotland (w)",1992,"Yes","No","No","No","No but","No","Yes","N/A","N/A","N/A","No","No"
"UK: Scotland (w)",1991,"Yes","No","No","No","No but","No","Yes","N/A","N/A","N/A","No","No"
"UK: Scotland (w)",1990,"Yes","No","No","No","No but","No","Yes","N/A","N/A","N/A","No","No"
"UK: Scotland (w)",1989,"Yes","No","No","No","No but","No","Yes","N/A","N/A","N/A","No","No"
